{
	"miniprogramRoot": "miniprogram/",
	"cloudfunctionRoot": "cloudfunctions/",
	"setting": {
		"urlCheck": false,
		"es6": true,
		"enhance": true,
		"postcss": true,
		"preloadBackgroundData": false,
		"minified": true,
		"newFeature": true,
		"coverView": true,
		"autoAudits": false,
		"showShadowRootInWxmlPanel": true,
		"scopeDataCheck": false,
		"checkInvalidKey": true,
		"checkSiteMap": true,
		"uploadWithSourceMap": true,
		"babelSetting": {
			"ignore": [],
			"disablePlugins": [],
			"outputPath": ""
		},
		"bundle": true,
		"useIsolateContext": true,
		"useCompilerModule": false,
		"userConfirmedUseCompilerModuleSwitch": false,
		"compileHotReLoad": false,
		"nodeModules": true
	},
	"appid": "wx624c2ef2a8877f5b",
	"projectname": "%E4%BA%91%E7%AD%94%E9%A2%98",
	"libVersion": "2.8.0",
	"simulatorType": "wechat",
	"simulatorPluginLibVersion": {},
	"compileType": "miniprogram",
	"cloudfunctionTemplateRoot": "cloudfunctionTemplate",
	"permissions": {
		"openapi": [
			"openapi.subscribeMessage.send"
		]
	},
	"condition": {
		"search": {
			"current": -1,
			"list": []
		},
		"conversation": {
			"current": -1,
			"list": []
		},
		"plugin": {
			"current": -1,
			"list": []
		},
		"game": {
			"list": []
		},
		"gamePlugin": {
			"current": -1,
			"list": []
		},
		"miniprogram": {
			"current": -1,
			"list": [
				{
					"id": -1,
					"name": "index",
					"pathName": "pages/index/index",
					"query": "",
					"scene": null
				},
				{
					"id": -1,
					"name": "register",
					"pathName": "pages/register/register",
					"query": "",
					"scene": null
				},
				{
					"id": -1,
					"name": "answer",
					"pathName": "pages/answer/answer",
					"query": "",
					"scene": null
				},
				{
					"id": -1,
					"name": "me",
					"pathName": "pages/me/me",
					"query": "",
					"scene": null
				},
				{
					"id": -1,
					"name": "about",
					"pathName": "pages/about/about",
					"query": "",
					"scene": null
				},
				{
					"id": -1,
					"name": "welcome",
					"pathName": "pages/welcome/welcome",
					"query": "",
					"scene": null
				},
				{
					"id": -1,
					"name": "result",
					"pathName": "pages/result/result",
					"query": "",
					"scene": null
				},
				{
					"id": -1,
					"name": "order",
					"pathName": "pages/order/order",
					"query": "",
					"scene": null
				},
				{
					"id": -1,
					"name": "teacher",
					"pathName": "pages/teacher/teacher",
					"query": "",
					"scene": null
				},
				{
					"id": -1,
					"name": "comment",
					"pathName": "pages/comment/comment",
					"query": "",
					"scene": null
				},
				{
					"id": -1,
					"name": "exercise",
					"pathName": "pages/exercise/exercise",
					"query": "",
					"scene": null
				},
				{
					"id": -1,
					"name": "feedback",
					"pathName": "pages/feedback/feedback",
					"scene": null
				}
			]
		}
	}
}