{"_id":"SC","question":[{"answer":"C","options":[{"checked":false,"name":"减速过电流","value":"A"},{"name":"恒速过电流","value":"B","checked":false},{"value":"C","checked":false,"name":"加速过电流"},{"checked":false,"name":"加速过电压","value":"D"}],"title":"默纳克NICE3000new系统Err02是什么故障?","url":"https://mmbiz.qpic.cn/mmbiz_png/mTtXXlFXjesiacLq3mxmW0bJ98Ubm5BicMCoZMZhBktkRLNhVq7VBib6urIpSuOoXoS7YLWCaF2qHKxERqzAFibS0w/0?wx_fmt=png","help":"正确答案为C。故障原因简述：1.主回路输出接地或短路；2.电机是否进行了参数调谐；3.编码器信号不正确；4.电机相序接反。"},{"options":[{"checked":false,"name":"恒速过电流","value":"A"},{"value":"B","checked":false,"name":"减速过电流"},{"checked":false,"name":"加速过电流","value":"C"},{"checked":false,"name":"加速过电压","value":"D"}],"title":"默纳克NICE3000new系统Err03是什么故障?","answer":"B","url":"https://mmbiz.qpic.cn/mmbiz_png/mTtXXlFXjesiacLq3mxmW0bJ98Ubm5BicMCoZMZhBktkRLNhVq7VBib6urIpSuOoXoS7YLWCaF2qHKxERqzAFibS0w/0?wx_fmt=png","help":"正确答案为B。故障原因简述：1.主回路输出接地或短路；2.电机是否进行了参数调谐；3.减速曲线太陡；4.编码器信号不正确。"},{"answer":"C","options":[{"name":"加速过电流","value":"A","checked":false},{"checked":false,"name":"减速过电流","value":"B"},{"checked":false,"name":"恒速过电流","value":"C"},{"checked":false,"name":"加速过电压","value":"D"}],"title":"默纳克NICE3000new系统Err04是什么故障?","url":"https://mmbiz.qpic.cn/mmbiz_png/mTtXXlFXjesiacLq3mxmW0bJ98Ubm5BicMCoZMZhBktkRLNhVq7VBib6urIpSuOoXoS7YLWCaF2qHKxERqzAFibS0w/0?wx_fmt=png","help":"正确答案为C。故障原因简述：1.主回路输出接地或短路；2.电机是否进行了参数调谐；3.旋转编码器干扰大。"},{"answer":"A","options":[{"name":"加速过电压","value":"A","checked":false},{"checked":false,"name":"减速过电压","value":"B"},{"name":"恒速过电压","value":"C","checked":false},{"name":"减速过电流","value":"D","checked":false}],"title":"默纳克NICE3000new系统Err05是什么故障?","url":"https://mmbiz.qpic.cn/mmbiz_png/mTtXXlFXjesiacLq3mxmW0bJ98Ubm5BicMsZzjoPezgEehwiaOgo5f8FwNykOrPUJmBstyvcGP5oOP50x4sQEzIBw/0?wx_fmt=png","help":"正确答案为A。故障原因简述：1.输入电压过高；2.制动电阻选择偏大，或制动单元异常；3.加速区间的加速度太大。"},{"answer":"B","options":[{"name":"恒速过电压","value":"A","checked":false},{"checked":false,"name":"减速过电压","value":"B"},{"name":"加速过电压","value":"C","checked":false},{"name":"减速过电流","value":"D","checked":false}],"title":"默纳克NICE3000new系统Err06是什么故障？ ","url":"https://mmbiz.qpic.cn/mmbiz_png/mTtXXlFXjesiacLq3mxmW0bJ98Ubm5BicMsZzjoPezgEehwiaOgo5f8FwNykOrPUJmBstyvcGP5oOP50x4sQEzIBw/0?wx_fmt=png","help":"正确答案为B。故障原因简述：1.输入电压过高；2.制动电阻选择偏大，或制动单元异常；3.加速区间的加速度太大。"},{"answer":"C","options":[{"name":"加速过电压 ","value":"A","checked":false},{"checked":false,"name":"减速过电压","value":"B"},{"name":"恒速过电压","value":"C","checked":false},{"name":"减速过电流","value":"D","checked":false}],"title":"默纳克NICE3000new系统Err07是什么故障？","url":"https://mmbiz.qpic.cn/mmbiz_png/mTtXXlFXjesiacLq3mxmW0bJ98Ubm5BicMsZzjoPezgEehwiaOgo5f8FwNykOrPUJmBstyvcGP5oOP50x4sQEzIBw/0?wx_fmt=png","help":"正确答案为C。故障原因简述：1.输入电压过高；2.制动电阻选择偏大，或制动单元异常。"},{"answer":"C","options":[{"name":"过电压故障","value":"A","checked":false},{"checked":false,"name":"欠电流故障","value":"B"},{"name":"欠电压故障","value":"C","checked":false},{"name":" 过电流故障","value":"D","checked":false}],"title":"默纳克NICE3000new系统Err09是什么故障？","url":"https://mmbiz.qpic.cn/mmbiz_png/mTtXXlFXjesiacLq3mxmW0bJ98Ubm5BicMSsQNA6MYUNelDpFC3OoZYiaxL24hpib2Ipg4Mficvj01f3LcpcibicztibLw/0?wx_fmt=png","help":"正确答案为C。故障原因简述：1.输入电源瞬间停电；2.输入电压过过低；3.驱动控制板异常。"},{"answer":"C","options":[{"name":"模块过热","value":"A","checked":false},{"checked":false,"name":"电机过载","value":"B"},{"name":"控制器过载","value":"C","checked":false},{"name":" 调谐时编码器干扰","value":"D","checked":false}],"title":"默纳克NICE3000new系统Err10是什么故障？","url":"https://mmbiz.qpic.cn/mmbiz_png/mTtXXlFXjesiacLq3mxmW0bJ98Ubm5BicMrQLHJaVDRHLnmXVKTVR9MudEWo33dGbYSdudRvvvEwIicOB9SBPsMhQ/0?wx_fmt=png","help":"正确答案为C。控制器长时间在高于额定电流的情况下运行时易报此故障，一般原因有：1.机械阻力过大；2.平衡系数不合理；3.编码器反馈信号是否正常；4.电机调谐不准确 (调谐不准确时，电梯运行的电流会偏大)；5.电机相序接反。"},{"answer":"D","options":[{"name":"控制器过载","value":"A","checked":false},{"checked":false,"name":"输出侧异常","value":"B"},{"name":"模块过热","value":"C","checked":false},{"name":"电流控制故障","value":"D","checked":false}],"title":"默纳克NICE3000new系统Err16是什么故障？","url":"https://mmbiz.qpic.cn/mmbiz_png/mTtXXlFXjesiacLq3mxmW0bJ98Ubm5BicMfmSUuQjvGg4TiamCTVt4kC2n9iciaBOKdO5QOw2rNrOCiavzvT43KIaS8w/0?wx_fmt=png","help":"正确答案为D。故障原因简述：1.子码 1、2：电流偏差过大；2子码３：速度偏差（欠值）过大。"},{"answer":"D","options":[{"name":"速度反馈错误故障 ","value":"A","checked":false},{"checked":false,"name":"电流控制故障 ","value":"B"},{"name":"电流检测故障","value":"C","checked":false},{"name":"电机调谐故障","value":"D","checked":false}],"title":"默纳克NICE3000new系统Err19是什么故障？","url":"https://mmbiz.qpic.cn/mmbiz_png/mTtXXlFXjesiacLq3mxmW0bJ98Ubm5BicMdw8Pib1obVKicOyP5ZELxn11oAKmOkQ8adHYTLyVbicHHRQ0YPKZMIrJg/0?wx_fmt=png","help":"正确答案为D。故障原因简述：1.子码 1：定子电阻辨识失败；2.子码5、6：磁极位置辨识失败；3.子码 8：保留；4.子码 11：同步机免角度学习的角度保存失败；5.子码 101、102：电机调谐超时。"},{"answer":"D","options":[{"name":"电流检测故障","value":"A","checked":false},{"checked":false,"name":"电流控制故障","value":"B"},{"name":"电机调谐故障","value":"C","checked":false},{"name":" 速度反馈错误故障","value":"D","checked":false}],"title":"默纳克NICE3000new系统Err20是什么故障？","url":"https://mmbiz.qpic.cn/mmbiz_png/mTtXXlFXjesiacLq3mxmW0bJ98Ubm5BicMWicVFgGqjkPC2fquic1b5EYDyq64aPMCia0CXA9vN2HYQRdMZ40ibpWx8A/0?wx_fmt=png","help":"正确答案为D。故障原因简述：1.子码 1：同步机空载调谐时未检测到编码器信号；2.子码 2、8、10、11、14-18：保留；3.子码 3：电机线序接反；4.子码 4：同步机辨识过程检测不到 Z 信号；5.子码 5：SIN_COS 编码器信号断线；6.子码 7：UVW 编码器信号断线；7.子码 9：速度偏差过大；8.子码 12：启动过程中编码器 AB 信号丢失；9.子码 13：运行过程中编码器 AB 信号丢失；10.子码 19：运行中正余弦编码器信号受干扰严重；11.子码 55：调谐中正余弦编码器信号受干扰严重或 CD信号错误。"},{"answer":"A","options":[{"name":"平层信号异常","value":"A","checked":false},{"checked":false,"name":"电机对地短路故障","value":"B"},{"name":"RTC 时钟故障","value":"C","checked":false},{"name":" 速度反馈错误故障","value":"D","checked":false}],"title":"默纳克NICE3000new系统Err22是什么故障？","url":"https://mmbiz.qpic.cn/mmbiz_png/mTtXXlFXjesiacLq3mxmW0bJ98Ubm5BicMo3cOe48vqUEEbC7XVtcnvmeNtgRPicP8ibsX42YjzEVlmxZ3nyKp62dA/0?wx_fmt=png","help":"正确答案为A。故障原因简述：1.子码 101：平层信号粘连；2.子码 102：平层信号丢失；3.子码 103：电梯在自动运行状态下，出平层位置偏差过大。"},{"options":[{"checked":false,"name":"电梯位置异常","value":"A"},{"value":"B","checked":false,"name":"电梯速度异常"},{"checked":false,"name":"逻辑故障","value":"C"},{"checked":false,"name":"存储数据异常","value":"D"}],"title":"默纳克NICE3000new系统Err33是什么故障?","answer":"B","url":"https://mmbiz.qpic.cn/mmbiz_png/mTtXXlFXjesiacLq3mxmW0bJ98Ubm5BicMHqDqD4DnZGUbib72pI0xwcXhL1mK3T502eSmmmbawiaSHwib3TCFd0TtA/0?wx_fmt=png","help":"正确答案为B。故障原因简述：1.子码 101：快车运行超速；2.子码 102：检修或井道自学习运行超速；3.子码 103：自溜车运行超速；4.子码 104、105：应急运行超速;5.子码 106：控制板测速偏差过大。"},{"answer":"C","options":[{"name":"逻辑故障","value":"A","checked":false},{"checked":false,"name":"存储数据异常","value":"B"},{"checked":false,"name":"井道自学习数据异常","value":"C"},{"checked":false,"name":"加速过电压","value":"D"}],"title":"默纳克NICE3000new系统Err35是什么故障?","url":"https://mmbiz.qpic.cn/mmbiz_png/mTtXXlFXjesiacLq3mxmW0bJ98Ubm5BicMqND6PGicMYmPz4oY3C5jYuDWFHZkGL0vZfNbv0dicAWiatWhbyn80szNA/0?wx_fmt=png","help":"正确答案为C。故障原因简述：1.子码 101：自学习启动时，当前楼层不是最小层或下一级强迫减速无效；2.子码 102：井道自学习过程中检修开关断开；3.子码 103：上电判断未进行井道自学习；4.子码 104、113、114：距离控制模式下，启动运行时判断未进行井道自学习；5.子码 105：电梯运行与脉冲变化方向不一致；6.子码 106、107、109：上下平层感应到的插板脉冲长度异常；7.子码 108、110：自学习平层信号超过 45S 无变化；8.子码 111、115：存储的楼高小于 50CM；9.子码 112：自学习完成当前层不是最高层。"},{"answer":"A","options":[{"name":"抱闸接触器反馈异常","value":"A","checked":false},{"checked":false,"name":"运行接触器反馈异常","value":"B"},{"name":"旋转编码器信号异常","value":"C","checked":false},{"name":"电机过热故障","value":"D","checked":false}],"title":"默纳克NICE3000new系统Err37是什么故障?","url":"https://mmbiz.qpic.cn/mmbiz_png/mTtXXlFXjesiacLq3mxmW0bJ98Ubm5BicMZWj2DNjHUDZfPPiaOiaor3aWoIy5LrGjW0uxsxZ3hVugefSgvicafEx5A/0?wx_fmt=png","help":"正确答案为A。故障原因简述：1.子码 101：抱闸接触器输出与抱闸反馈状态不一致；2.子码 102：复选的抱闸接触器反馈点动作状态不一致；3.子码 103：抱闸接触器输出与抱闸行程 1 反馈状态不一致；4.子码 104：复选的抱闸行程1 反馈状态不一致；5.子码 105：启动运行开抱闸前，抱闸接触器反馈有效；6.子码 106：抱闸接触器输出与抱闸行程 2 反馈状态不一致；7.子码 107：复选的抱闸行程2 反馈状态不一致；8.子码 108：抱闸接触器输出与 IO 扩展板上抱闸行程 1反馈状态不一致；9.子码 109：抱闸接触器输出与 IO 扩展板上抱闸行程 2反馈状态不一致。"},{"answer":"B","options":[{"name":"抱闸接触器反馈异常","value":"A","checked":false},{"checked":false,"name":"旋转编码器信号异常","value":"B"},{"name":"电机过热故障","value":"C","checked":false},{"name":"安全回路断开","value":"D","checked":false}],"title":"默纳克NICE3000new系统Err38是什么故障？","url":"https://mmbiz.qpic.cn/mmbiz_png/mTtXXlFXjesiacLq3mxmW0bJ98Ubm5BicM8pShljb0TicdxxTiaHErQ05hicqGVkn5uf1TH7EiaCwGkQ8fKewTSibGtHg/0?wx_fmt=png","help":"正确答案为B。故障原因简述：1.子码 101：F4-03 脉冲信号无变化时间超过 F1-13 时间值；2.子码 102：电机下行，（F4-03）脉冲增加；3.子码 103：电机上行，（F4-03）脉冲减小；4.子码 104：距离控制方式下设定了开环运行；5.子码 105：电梯下行，上限位动作；6.子码 106：电梯上行，下限位动作；7.子码 107：电梯下行，上换速动作；电梯下行，上换速动作。"},{"options":[{"checked":false,"name":"门锁故障","value":"A"},{"value":"B","checked":false,"name":"检修启动过电流"},{"checked":false,"name":"换层停靠故障","value":"C"},{"checked":false,"name":"开关门信号故障","value":"D"}],"title":"默纳克NICE3000new系统Err54是什么故障?","answer":"B","url":"https://mmbiz.qpic.cn/mmbiz_png/mTtXXlFXjesiacLq3mxmW0bJ98Ubm5BicMdLFNiarLw1tDkBnpMzcx4SNzK7ShDx2eITA1pdeSxOC7TBKp5A0G8aQ/0?wx_fmt=png","help":"正确答案为B。故障原因简述：1.子码 102：检修运行启动时，电流超过额定电流的 120%。"},{"answer":"C","options":[{"name":"开关门信号故障","value":"A","checked":false},{"checked":false,"name":"存储数据异常","value":"B"},{"checked":false,"name":"换层停靠故障","value":"C"},{"checked":false,"name":"门锁故障","value":"D"}],"title":"默纳克NICE3000new系统Err55是什么故障?","url":"https://mmbiz.qpic.cn/mmbiz_png/mTtXXlFXjesiacLq3mxmW0bJ98Ubm5BicMRAey7aLvB4panLcYgKUjowxw2r4zzOvMbiaNuUadthBPt1sY4Be9xYw/0?wx_fmt=png","help":"正确答案为C。故障原因简述：1.子码 101：自动运行开门过程中，开门时间大于 FB-06 开门保护时间，收不到开门到位信号。"},{"answer":"A","options":[{"name":"位置保护开关异常","value":"A","checked":false},{"checked":false,"name":"运行接触器反馈异常","value":"B"},{"name":"旋转编码器信号异常","value":"C","checked":false},{"name":"模拟量断线","value":"D","checked":false}],"title":"默纳克NICE3000new系统Err58是什么故障?","url":"https://mmbiz.qpic.cn/mmbiz_png/mTtXXlFXjesiacLq3mxmW0bJ98Ubm5BicM6k7v0rR0ZwKUP0cYAtJ0nSwNNhsrXN1zaA1YCISIFUpgdfZGvc1eSQ/0?wx_fmt=png","help":"正确答案为A。故障原因简述：1.子码 101：上下一级强迫减速同时断开；2.子码 102：上下限位反馈同时断开。"}]}
