{"_id":"SC","question":[{"answer":"C","options":[{"checked":false,"name":"夹具不牢固导致物件飞出伤人","value":"A"},{"name":"金属切屑飞出伤人","value":"B","checked":false},{"value":"C","checked":false,"name":"红眼病"},{"checked":false,"name":"机器漏电","value":"D"}],"title":"下列哪种伤害不属于机械伤害的范围?( )","url":"https://7365-serve-67da38-1256834179.tcb.qcloud.la/%E6%95%99%E5%B8%88%E5%A4%A7%E5%9B%BE/%E7%B4%A0%E6%9D%903.jpg?sign=60f815148e7fcc70f8b3f3cd13738c6b\u0026t=1570610824","help":"正确答案为C"},{"options":[{"checked":false,"name":"通知主管","value":"A"},{"value":"B","checked":false,"name":"检查过所有安全护罩是否安全可靠"},{"checked":false,"name":"机件擦洗","value":"C"},{"checked":false,"name":"废屑清理","value":"D"}],"title":"在未做好以下哪项工作以前，千万不要开动机器?( )","answer":"B","url":"","help":"暂无"},{"answer":"C","options":[{"name":"围裙","value":"A","checked":false},{"checked":false,"name":"防潮服","value":"B"},{"checked":false,"name":"护眼罩","value":"C"},{"checked":false,"name":"口罩","value":"D"}],"title":"当操作打磨工具时，必须使用哪类个人防护用具?( ) ","url":"","help":"暂无"},{"answer":"B","options":[{"name":"不需理会，待擦洗机器时再清洗","value":"A","checked":false},{"checked":false,"name":"关闭机器后清洗","value":"B"},{"name":"不需停机，用铁钩清理","value":"C","checked":false},{"name":"不需理会","value":"D","checked":false}],"title":"机器滚动轴卷有大量棉纱该怎么办?(  )","url":"","help":"暂无"},{"answer":"B","options":[{"name":"500","value":"A","checked":false},{"checked":false,"name":"600-700","value":"B"},{"name":"800-1000","value":"C","checked":false},{"name":"1000以上","value":"D","checked":false}],"title":"刚刚车削下来的切屑有较高的温度，可以达到(  )度，极易引起烫伤。 ","url":"","help":"暂无"},{"answer":"B","options":[{"name":"在齿轮传动机构中，两轮开始旋出的地方最危险 ","value":"A","checked":false},{"checked":false,"name":"在齿轮传动机构中，两轮开始啮合的地方最危险","value":"B"},{"name":"皮带传动机构中，皮带外部最危险","value":"C","checked":false},{"name":"对于一些老设备，可以允许啮合齿轮外露","value":"D","checked":false}],"title":"以下有关机械危险说法正确的是（ ）","url":"","help":"暂无"},{"answer":"C","options":[{"name":"1/4","value":"A","checked":false},{"checked":false,"name":"1/2","value":"B"},{"name":"1/3","value":"C","checked":false},{"name":" 2/5","value":"D","checked":false}],"title":"砂轮片的有效半径磨损到原半径的（）时必须更换。","url":"","help":"暂无"},{"answer":"C","options":[{"name":"物体打击","value":"A","checked":false},{"checked":false,"name":"电击","value":"B"},{"name":"粉尘","value":"C","checked":false},{"name":" 爆炸","value":"D","checked":false}],"title":"不属于机械危险因素的有（）","url":"","help":"暂无"},{"answer":"D","options":[{"name":"超载安全装置","value":"A","checked":false},{"checked":false,"name":"越位安全装置","value":"B"},{"name":"超压安全装置","value":"C","checked":false},{"name":"超重安全装置","value":"D","checked":false}],"title":"下列哪项不是超限保险装置（）","url":"","help":"暂无"},{"answer":"D","options":[{"name":"隔离防护装置 ","value":"A","checked":false},{"checked":false,"name":"联锁防护装置 ","value":"B"},{"name":"超限保险装置","value":"C","checked":false},{"name":"光电式安全防护装置","value":"D","checked":false}],"title":"下列哪项不是安全保护装置()","url":"","help":"暂无"},{"answer":"D","options":[{"name":"钢丝绳的断丝数量增加，或断丝局部集中，钢丝绳应报废。","value":"A","checked":false},{"checked":false,"name":"如过出现整根绳股断裂，钢丝绳应报废。","value":"B"},{"name":"当钢丝绳的纤维芯损坏或钢芯断裂，钢丝绳应报废","value":"C","checked":false},{"name":" 当钢丝绳的直径相对于公称直径减少20%，钢丝绳应报废。","value":"D","checked":false}],"title":"钢丝绳的报废标准：()","url":"","help":"暂无"}]}
