{"_id":"8abc3c855edb92df0041d1c10c7b1ba4","userInfo":{"country":"China","avatarUrl":"https://wx.qlogo.cn/mmopen/vi_32/ibEY39vw9pRMk6IJkcyoGpdVFP8dmfoAGFGkg12uxLJ7uMicq0PxPtUOmQFhm0p4p9NCOCz7A2vKRKIIib8CicS6Rg/132","nickName":"春林","gender":1.0,"language":"zh_CN","city":"Chengdu","province":"Sichuan"},"_openid":"oTw380NFWXK3VizKpKox_k3Gcb3c","avatarUrl":"https://wx.qlogo.cn/mmopen/vi_32/ibEY39vw9pRMk6IJkcyoGpdVFP8dmfoAGFGkg12uxLJ7uMicq0PxPtUOmQFhm0p4p9NCOCz7A2vKRKIIib8CicS6Rg/132","_class":"在1","name":"春林","number":"3","order":{"place":"地点","tea":"教师名字","time":"2020-06-06 14:00"},"phone":"2","score":100.0}
{"_id":"baada3ac5edb97430064516475e1b3af","userInfo":{"nickName":"春风化雨","gender":0.0,"language":"zh_CN","city":"","province":"","country":"","avatarUrl":"https://wx.qlogo.cn/mmopen/vi_32/iaSVpG00LNwic2QovHBcyibvoFYD2hgPGMwUnRWbkW9fmtTgRPVegDcLibjL6lOZGE2s24EhycVpzIQklhJYYqnxLg/132"},"_openid":"oTw380K23lFBwKt0E3eCRyGd0XQw","avatarUrl":"https://wx.qlogo.cn/mmopen/vi_32/iaSVpG00LNwic2QovHBcyibvoFYD2hgPGMwUnRWbkW9fmtTgRPVegDcLibjL6lOZGE2s24EhycVpzIQklhJYYqnxLg/132","_class":"1","name":"李姐","number":"1","order":{"place":"地点","tea":"教师名字","time":"2020-06-06 14:00"},"phone":"1","score":100.0}
